date,borough,ZCTA,mobility
1/4/2020,Manhattan,10001,1.045315536
1/4/2020,Manhattan,10002,0.299958381
1/4/2020,Manhattan,10003,-0.604450668
1/4/2020,Manhattan,10004,1.023257872
1/4/2020,Manhattan,10005,0.52103354
1/4/2020,Manhattan,10006,1.03767279
1/4/2020,Manhattan,10007,-0.274589851
1/4/2020,Manhattan,10009,0.159656203
1/4/2020,Manhattan,10010,0.555423636
1/4/2020,Manhattan,10011,-0.187353808
1/4/2020,Manhattan,10012,0.462091673
1/4/2020,Manhattan,10013,1.18037558
1/4/2020,Manhattan,10014,0.020219522
1/4/2020,Manhattan,10016,0.373528764
1/4/2020,Manhattan,10018,0.070566042
1/4/2020,Manhattan,10019,1.028298838
1/4/2020,Manhattan,10021,1.312491757
1/4/2020,Manhattan,10022,-0.392918705
1/4/2020,Manhattan,10023,1.073128814
1/4/2020,Manhattan,10024,1.390986581
1/4/2020,Manhattan,10025,0.638162881
1/4/2020,Manhattan,10026,0.090730203
1/4/2020,Manhattan,10027,-1.444727898
1/4/2020,Manhattan,10028,1.344039849
1/4/2020,Manhattan,10029,0.627246321
1/4/2020,Manhattan,10030,-0.220373523
1/4/2020,Manhattan,10031,-0.900884638
1/4/2020,Manhattan,10032,-0.277285265
1/4/2020,Manhattan,10033,-0.175379244
1/4/2020,Manhattan,10034,-1.497905389
1/4/2020,Manhattan,10035,0.36643684
1/4/2020,Manhattan,10036,1.065033124
1/4/2020,Manhattan,10037,-0.148028777
1/4/2020,Manhattan,10038,0.437485082
1/4/2020,Manhattan,10039,0.190592784
1/4/2020,Manhattan,10040,1.461440217
1/4/2020,Manhattan,10044,-0.797660279
1/4/2020,Manhattan,10065,-0.938274111
1/4/2020,Manhattan,10075,1.039367216
1/4/2020,Manhattan,10128,0.254646714
1/4/2020,Bronx,10451,0.018501055
1/4/2020,Bronx,10452,0.007953388
1/4/2020,Bronx,10453,0.04399154
1/4/2020,Bronx,10454,0.49717982
1/4/2020,Bronx,10455,0.081077976
1/4/2020,Bronx,10457,0.114277044
1/4/2020,Bronx,10458,-0.654580432
1/4/2020,Bronx,10459,0.644100148
1/4/2020,Bronx,10460,0.164169649
1/4/2020,Bronx,10461,0.359767308
1/4/2020,Bronx,10462,0.508607346
1/4/2020,Bronx,10463,0.895738865
1/4/2020,Bronx,10466,0.586353073
1/4/2020,Bronx,10467,0.387220701
1/4/2020,Bronx,10468,-0.874857684
1/4/2020,Bronx,10469,0.988548562
1/4/2020,Bronx,10470,0.298747734
1/4/2020,Bronx,10471,0.254357078
1/4/2020,Bronx,10472,-0.088704483
1/4/2020,Bronx,10473,-0.197296892
1/4/2020,Bronx,10475,0.313226697
1/4/2020,Queens,11101,0.877645391
1/4/2020,Queens,11103,0.469808156
1/4/2020,Queens,11104,-0.654990034
1/4/2020,Queens,11106,0.233883894
1/4/2020,Brooklyn,11201,-0.001483778
1/4/2020,Brooklyn,11203,0.100551197
1/4/2020,Brooklyn,11204,0.834039724
1/4/2020,Brooklyn,11205,0.101766457
1/4/2020,Brooklyn,11206,0.061668581
1/4/2020,Brooklyn,11207,0.24861909
1/4/2020,Brooklyn,11208,-0.20811146
1/4/2020,Brooklyn,11209,0.435416095
1/4/2020,Brooklyn,11210,-0.679245906
1/4/2020,Brooklyn,11211,-0.220846032
1/4/2020,Brooklyn,11212,0.327049171
1/4/2020,Brooklyn,11213,-0.030171661
1/4/2020,Brooklyn,11214,0.613071041
1/4/2020,Brooklyn,11215,0.481352939
1/4/2020,Brooklyn,11216,-0.310077007
1/4/2020,Brooklyn,11217,0.056392047
1/4/2020,Brooklyn,11218,-0.389262148
1/4/2020,Brooklyn,11219,0.700165407
1/4/2020,Brooklyn,11220,-0.959200079
1/4/2020,Brooklyn,11221,-1.071572219
1/4/2020,Brooklyn,11222,-0.604061785
1/4/2020,Brooklyn,11223,0.168374453
1/4/2020,Brooklyn,11224,-0.006059385
1/4/2020,Brooklyn,11225,-0.220223009
1/4/2020,Brooklyn,11226,0.728652398
1/4/2020,Brooklyn,11228,0.675271822
1/4/2020,Brooklyn,11229,0.769690761
1/4/2020,Brooklyn,11230,0.507654815
1/4/2020,Brooklyn,11231,0.533281473
1/4/2020,Brooklyn,11232,0.35752547
1/4/2020,Brooklyn,11233,-0.373067336
1/4/2020,Brooklyn,11235,0.323744373
1/4/2020,Brooklyn,11236,0.683597593
1/4/2020,Brooklyn,11237,0.154242127
1/4/2020,Brooklyn,11238,0.138233325
1/4/2020,Queens,11354,1.075540057
1/4/2020,Queens,11368,-1.106047409
1/4/2020,Queens,11370,-0.127077112
1/4/2020,Queens,11372,-0.543795719
1/4/2020,Queens,11373,0.998955188
1/4/2020,Queens,11374,0.708918958
1/4/2020,Queens,11375,0.6516078
1/4/2020,Queens,11377,-1.780363913
1/4/2020,Queens,11379,0.628890368
1/4/2020,Queens,11385,0.071064885
1/4/2020,Queens,11414,1.334241725
1/4/2020,Queens,11415,-0.105038969
1/4/2020,Queens,11417,0.578242848
1/4/2020,Queens,11418,0.414582279
1/4/2020,Queens,11419,0.596461699
1/4/2020,Queens,11420,0.981486625
1/4/2020,Queens,11421,0.487096495
1/4/2020,Queens,11432,-0.107875916
1/4/2020,Queens,11433,-0.324964453
1/4/2020,Queens,11435,1.186410623
1/4/2020,Queens,11691,0.377721489
1/4/2020,Queens,11692,0.352602855
1/4/2020,Queens,11693,-0.250326819
1/4/2020,Queens,11694,0.555324083
1/11/2020,Manhattan,10001,0.7575544
1/11/2020,Manhattan,10002,2.044627083
1/11/2020,Manhattan,10003,-0.342380879
1/11/2020,Manhattan,10004,0.021751607
1/11/2020,Manhattan,10005,0.334925324
1/11/2020,Manhattan,10006,1.127628816
1/11/2020,Manhattan,10007,-0.227222045
1/11/2020,Manhattan,10009,0.486581642
1/11/2020,Manhattan,10010,0.71156204
1/11/2020,Manhattan,10011,0.392324278
1/11/2020,Manhattan,10012,1.207699798
1/11/2020,Manhattan,10013,1.487091012
1/11/2020,Manhattan,10014,0.399760394
1/11/2020,Manhattan,10016,0.752138272
1/11/2020,Manhattan,10018,0.612893828
1/11/2020,Manhattan,10019,1.125099525
1/11/2020,Manhattan,10021,0.494948224
1/11/2020,Manhattan,10022,-0.468467576
1/11/2020,Manhattan,10023,-1.160051533
1/11/2020,Manhattan,10024,0.109095353
1/11/2020,Manhattan,10025,-0.239735096
1/11/2020,Manhattan,10026,0.782128432
1/11/2020,Manhattan,10027,-1.023569266
1/11/2020,Manhattan,10028,0.333147315
1/11/2020,Manhattan,10029,0.696487915
1/11/2020,Manhattan,10030,-0.779485254
1/11/2020,Manhattan,10031,-0.756987487
1/11/2020,Manhattan,10032,-0.385205505
1/11/2020,Manhattan,10033,0.035230823
1/11/2020,Manhattan,10034,-0.380630368
1/11/2020,Manhattan,10035,0.841719857
1/11/2020,Manhattan,10036,0.93102714
1/11/2020,Manhattan,10037,-1.184878573
1/11/2020,Manhattan,10038,0.178409379
1/11/2020,Manhattan,10039,-0.254757006
1/11/2020,Manhattan,10040,1.292938371
1/11/2020,Manhattan,10044,-1.961497178
1/11/2020,Manhattan,10065,-0.48252687
1/11/2020,Manhattan,10075,1.257715082
1/11/2020,Manhattan,10128,0.8778144
1/11/2020,Bronx,10451,0.358578734
1/11/2020,Bronx,10452,0.296021228
1/11/2020,Bronx,10453,0.123307412
1/11/2020,Bronx,10454,0.839383324
1/11/2020,Bronx,10455,0.272502671
1/11/2020,Bronx,10457,0.546805568
1/11/2020,Bronx,10458,0.212395611
1/11/2020,Bronx,10459,0.806821225
1/11/2020,Bronx,10460,0.304559557
1/11/2020,Bronx,10461,0.649543737
1/11/2020,Bronx,10462,0.449754688
1/11/2020,Bronx,10463,0.775096331
1/11/2020,Bronx,10466,0.394797158
1/11/2020,Bronx,10467,0.361405987
1/11/2020,Bronx,10468,-0.335366354
1/11/2020,Bronx,10469,1.030534008
1/11/2020,Bronx,10470,0.284242946
1/11/2020,Bronx,10471,0.802845217
1/11/2020,Bronx,10472,0.556730508
1/11/2020,Bronx,10473,0.429898467
1/11/2020,Bronx,10475,0.678767024
1/11/2020,Queens,11101,0.192205611
1/11/2020,Queens,11103,0.117568636
1/11/2020,Queens,11104,0.048806396
1/11/2020,Queens,11106,1.303341838
1/11/2020,Brooklyn,11201,-0.210995792
1/11/2020,Brooklyn,11203,0.233890444
1/11/2020,Brooklyn,11204,0.061106823
1/11/2020,Brooklyn,11205,0.35785209
1/11/2020,Brooklyn,11206,0.40773544
1/11/2020,Brooklyn,11207,0.294095644
1/11/2020,Brooklyn,11208,-1.14644907
1/11/2020,Brooklyn,11209,0.468728247
1/11/2020,Brooklyn,11210,-0.57901226
1/11/2020,Brooklyn,11211,0.909546138
1/11/2020,Brooklyn,11212,0.501431608
1/11/2020,Brooklyn,11213,0.022756592
1/11/2020,Brooklyn,11214,0.960405148
1/11/2020,Brooklyn,11215,0.662345426
1/11/2020,Brooklyn,11216,0.502069581
1/11/2020,Brooklyn,11217,0.275727919
1/11/2020,Brooklyn,11218,0.233630527
1/11/2020,Brooklyn,11219,0.638842757
1/11/2020,Brooklyn,11220,0.825467445
1/11/2020,Brooklyn,11221,0.038452139
1/11/2020,Brooklyn,11222,0.412584573
1/11/2020,Brooklyn,11223,-0.675417292
1/11/2020,Brooklyn,11224,-1.037402337
1/11/2020,Brooklyn,11225,0.292920124
1/11/2020,Brooklyn,11226,0.991688448
1/11/2020,Brooklyn,11228,-0.000636448
1/11/2020,Brooklyn,11229,1.280991965
1/11/2020,Brooklyn,11230,0.093569591
1/11/2020,Brooklyn,11231,0.772319974
1/11/2020,Brooklyn,11232,0.805379955
1/11/2020,Brooklyn,11233,0.231874234
1/11/2020,Brooklyn,11235,1.040425091
1/11/2020,Brooklyn,11236,0.922118871
1/11/2020,Brooklyn,11237,0.494272693
1/11/2020,Brooklyn,11238,0.303388497
1/11/2020,Queens,11354,1.140643773
1/11/2020,Queens,11368,-0.73676746
1/11/2020,Queens,11370,0.339677074
1/11/2020,Queens,11372,0.677115435
1/11/2020,Queens,11373,-0.012933541
1/11/2020,Queens,11374,-0.214050097
1/11/2020,Queens,11375,0.559356187
1/11/2020,Queens,11377,0.339049546
1/11/2020,Queens,11379,0.873740038
1/11/2020,Queens,11385,0.473070596
1/11/2020,Queens,11414,0.794519702
1/11/2020,Queens,11415,0.280712989
1/11/2020,Queens,11417,0.244950095
1/11/2020,Queens,11418,-2.369485233
1/11/2020,Queens,11419,0.257378122
1/11/2020,Queens,11420,0.51912129
1/11/2020,Queens,11421,-1.249873489
1/11/2020,Queens,11432,-0.024819809
1/11/2020,Queens,11433,-0.513409163
1/11/2020,Queens,11435,1.008246934
1/11/2020,Queens,11691,0.469512472
1/11/2020,Queens,11692,0.586428022
1/11/2020,Queens,11693,-0.17900136
1/11/2020,Queens,11694,1.097599778
1/18/2020,Manhattan,10001,-1.387891085
1/18/2020,Manhattan,10002,-0.210308772
1/18/2020,Manhattan,10003,-1.670747848
1/18/2020,Manhattan,10004,-2.026536643
1/18/2020,Manhattan,10005,-1.535915894
1/18/2020,Manhattan,10006,-1.260782904
1/18/2020,Manhattan,10007,-1.653327222
1/18/2020,Manhattan,10009,-0.616034297
1/18/2020,Manhattan,10010,-2.072196705
1/18/2020,Manhattan,10011,-1.59506384
1/18/2020,Manhattan,10012,-1.390312096
1/18/2020,Manhattan,10013,-0.429450562
1/18/2020,Manhattan,10014,-1.901201526
1/18/2020,Manhattan,10016,-1.277901177
1/18/2020,Manhattan,10018,-1.838998636
1/18/2020,Manhattan,10019,-1.834572428
1/18/2020,Manhattan,10021,-0.785242663
1/18/2020,Manhattan,10022,-2.08737197
1/18/2020,Manhattan,10023,0.243695213
1/18/2020,Manhattan,10024,-1.377568436
1/18/2020,Manhattan,10025,-0.760016062
1/18/2020,Manhattan,10026,-1.346442409
1/18/2020,Manhattan,10027,-0.875536974
1/18/2020,Manhattan,10028,-1.15618538
1/18/2020,Manhattan,10029,-0.931743573
1/18/2020,Manhattan,10030,-0.828552796
1/18/2020,Manhattan,10031,-1.533068028
1/18/2020,Manhattan,10032,-1.616844268
1/18/2020,Manhattan,10033,-1.521609955
1/18/2020,Manhattan,10034,-0.961399056
1/18/2020,Manhattan,10035,-1.349907772
1/18/2020,Manhattan,10036,-1.239952784
1/18/2020,Manhattan,10037,-0.904786894
1/18/2020,Manhattan,10038,-1.621157251
1/18/2020,Manhattan,10039,-1.302455988
1/18/2020,Manhattan,10040,0.269388721
1/18/2020,Manhattan,10044,-0.417975441
1/18/2020,Manhattan,10065,-1.825416086
1/18/2020,Manhattan,10075,-0.856456982
1/18/2020,Manhattan,10128,-1.057228147
1/18/2020,Bronx,10451,-1.547772198
1/18/2020,Bronx,10452,-1.605702662
1/18/2020,Bronx,10453,-1.577504565
1/18/2020,Bronx,10454,-0.874368177
1/18/2020,Bronx,10455,-1.215728999
1/18/2020,Bronx,10457,-1.565898167
1/18/2020,Bronx,10458,-1.650495098
1/18/2020,Bronx,10459,-1.134272282
1/18/2020,Bronx,10460,-1.743996721
1/18/2020,Bronx,10461,-1.114297365
1/18/2020,Bronx,10462,-1.290912991
1/18/2020,Bronx,10463,-1.994599455
1/18/2020,Bronx,10466,-1.269110102
1/18/2020,Bronx,10467,-1.439011313
1/18/2020,Bronx,10468,-1.680042329
1/18/2020,Bronx,10469,-0.811080254
1/18/2020,Bronx,10470,-1.696805699
1/18/2020,Bronx,10471,-1.688184621
1/18/2020,Bronx,10472,-1.777255991
1/18/2020,Bronx,10473,-1.256437367
1/18/2020,Bronx,10475,-1.379713531
1/18/2020,Queens,11101,-1.70602325
1/18/2020,Queens,11103,-1.237871423
1/18/2020,Queens,11104,-1.470507995
1/18/2020,Queens,11106,-1.296515365
1/18/2020,Brooklyn,11201,-1.761968229
1/18/2020,Brooklyn,11203,-1.133630524
1/18/2020,Brooklyn,11204,-1.731835496
1/18/2020,Brooklyn,11205,-1.376605455
1/18/2020,Brooklyn,11206,-2.135585882
1/18/2020,Brooklyn,11207,-1.313339419
1/18/2020,Brooklyn,11208,-1.021843319
1/18/2020,Brooklyn,11209,-1.583998799
1/18/2020,Brooklyn,11210,-1.69774909
1/18/2020,Brooklyn,11211,-1.488145551
1/18/2020,Brooklyn,11212,-1.374287954
1/18/2020,Brooklyn,11213,-1.496711619
1/18/2020,Brooklyn,11214,-1.317890714
1/18/2020,Brooklyn,11215,-0.819180702
1/18/2020,Brooklyn,11216,-1.2801267
1/18/2020,Brooklyn,11217,-0.867036619
1/18/2020,Brooklyn,11218,-1.351107817
1/18/2020,Brooklyn,11219,-1.483993226
1/18/2020,Brooklyn,11220,-0.819319612
1/18/2020,Brooklyn,11221,-1.666830614
1/18/2020,Brooklyn,11222,-1.456555761
1/18/2020,Brooklyn,11223,-1.928778244
1/18/2020,Brooklyn,11224,-1.958874384
1/18/2020,Brooklyn,11225,-1.498229467
1/18/2020,Brooklyn,11226,-0.051026449
1/18/2020,Brooklyn,11228,-1.454125632
1/18/2020,Brooklyn,11229,-0.954062247
1/18/2020,Brooklyn,11230,-1.077988606
1/18/2020,Brooklyn,11231,-0.604079137
1/18/2020,Brooklyn,11232,-1.48579133
1/18/2020,Brooklyn,11233,-1.703082316
1/18/2020,Brooklyn,11235,-1.200098871
1/18/2020,Brooklyn,11236,-1.761130618
1/18/2020,Brooklyn,11237,-1.358887198
1/18/2020,Brooklyn,11238,-1.734482295
1/18/2020,Queens,11354,0.827745905
1/18/2020,Queens,11368,-1.405026055
1/18/2020,Queens,11370,-1.70305152
1/18/2020,Queens,11372,-1.435816163
1/18/2020,Queens,11373,-1.656652813
1/18/2020,Queens,11374,-1.225583193
1/18/2020,Queens,11375,-1.469097166
1/18/2020,Queens,11377,-0.989461343
1/18/2020,Queens,11379,-1.31567155
1/18/2020,Queens,11385,-1.342914139
1/18/2020,Queens,11414,0.191062733
1/18/2020,Queens,11415,-1.45423111
1/18/2020,Queens,11417,-0.742572546
1/18/2020,Queens,11418,-0.251544304
1/18/2020,Queens,11419,-1.690281604
1/18/2020,Queens,11420,0.750303957
1/18/2020,Queens,11421,-0.007787585
1/18/2020,Queens,11432,-1.753158508
1/18/2020,Queens,11433,-1.697247916
1/18/2020,Queens,11435,-1.096101536
1/18/2020,Queens,11691,-0.492141499
1/18/2020,Queens,11692,-0.419550279
1/18/2020,Queens,11693,-0.57512292
1/18/2020,Queens,11694,-1.682858401
1/25/2020,Manhattan,10001,0.518822852
1/25/2020,Manhattan,10002,-1.040659117
1/25/2020,Manhattan,10003,0.73223231
1/25/2020,Manhattan,10004,0.576678842
1/25/2020,Manhattan,10005,0.366718493
1/25/2020,Manhattan,10006,0.982748562
1/25/2020,Manhattan,10007,1.274948221
1/25/2020,Manhattan,10009,0.728955792
1/25/2020,Manhattan,10010,0.462455731
1/25/2020,Manhattan,10011,0.679538419
1/25/2020,Manhattan,10012,-0.783488407
1/25/2020,Manhattan,10013,0.159316254
1/25/2020,Manhattan,10014,0.347155158
1/25/2020,Manhattan,10016,0.852059568
1/25/2020,Manhattan,10018,0.19615774
1/25/2020,Manhattan,10019,-0.253893339
1/25/2020,Manhattan,10021,0.499102226
1/25/2020,Manhattan,10022,0.41404287
1/25/2020,Manhattan,10023,0.95257953
1/25/2020,Manhattan,10024,0.198230173
1/25/2020,Manhattan,10025,0.65677819
1/25/2020,Manhattan,10026,0.377638005
1/25/2020,Manhattan,10027,0.826730356
1/25/2020,Manhattan,10028,0.180832881
1/25/2020,Manhattan,10029,0.390495203
1/25/2020,Manhattan,10030,0.540173381
1/25/2020,Manhattan,10031,1.028336968
1/25/2020,Manhattan,10032,0.865321258
1/25/2020,Manhattan,10033,-0.542482356
1/25/2020,Manhattan,10034,0.843806145
1/25/2020,Manhattan,10035,0.469724151
1/25/2020,Manhattan,10036,0.451877215
1/25/2020,Manhattan,10037,0.656870098
1/25/2020,Manhattan,10038,0.959504699
1/25/2020,Manhattan,10039,0.345260512
1/25/2020,Manhattan,10040,0.788556572
1/25/2020,Manhattan,10044,0.272190595
1/25/2020,Manhattan,10065,0.810455384
1/25/2020,Manhattan,10075,0.384002754
1/25/2020,Manhattan,10128,0.665462117
1/25/2020,Bronx,10451,0.714286373
1/25/2020,Bronx,10452,0.306813853
1/25/2020,Bronx,10453,0.77749948
1/25/2020,Bronx,10454,0.427918925
1/25/2020,Bronx,10455,0.249928284
1/25/2020,Bronx,10457,0.212091224
1/25/2020,Bronx,10458,0.668220887
1/25/2020,Bronx,10459,0.826976113
1/25/2020,Bronx,10460,0.281121781
1/25/2020,Bronx,10461,0.718352338
1/25/2020,Bronx,10462,0.572308661
1/25/2020,Bronx,10463,0.273444522
1/25/2020,Bronx,10466,0.934826251
1/25/2020,Bronx,10467,0.64841982
1/25/2020,Bronx,10468,0.696045223
1/25/2020,Bronx,10469,0.813535543
1/25/2020,Bronx,10470,0.505631812
1/25/2020,Bronx,10471,0.768963675
1/25/2020,Bronx,10472,0.388938676
1/25/2020,Bronx,10473,0.663830363
1/25/2020,Bronx,10475,0.773100012
1/25/2020,Queens,11101,0.693911408
1/25/2020,Queens,11103,-1.645377918
1/25/2020,Queens,11104,0.743497767
1/25/2020,Queens,11106,-0.602479147
1/25/2020,Brooklyn,11201,0.680215796
1/25/2020,Brooklyn,11203,0.601525796
1/25/2020,Brooklyn,11204,-0.280817731
1/25/2020,Brooklyn,11205,-0.00667797
1/25/2020,Brooklyn,11206,0.388426495
1/25/2020,Brooklyn,11207,0.53222091
1/25/2020,Brooklyn,11208,1.256924131
1/25/2020,Brooklyn,11209,0.503383631
1/25/2020,Brooklyn,11210,0.565360365
1/25/2020,Brooklyn,11211,0.298418805
1/25/2020,Brooklyn,11212,0.456173454
1/25/2020,Brooklyn,11213,-0.175806541
1/25/2020,Brooklyn,11214,-0.303451533
1/25/2020,Brooklyn,11215,0.404701688
1/25/2020,Brooklyn,11216,0.905699748
1/25/2020,Brooklyn,11217,-0.251614664
1/25/2020,Brooklyn,11218,-0.265038537
1/25/2020,Brooklyn,11219,-0.124842042
1/25/2020,Brooklyn,11220,-0.100437629
1/25/2020,Brooklyn,11221,0.599971191
1/25/2020,Brooklyn,11222,0.307014453
1/25/2020,Brooklyn,11223,-0.137722744
1/25/2020,Brooklyn,11224,0.050079034
1/25/2020,Brooklyn,11225,0.792832235
1/25/2020,Brooklyn,11226,1.04458579
1/25/2020,Brooklyn,11228,0.132540393
1/25/2020,Brooklyn,11229,0.139112449
1/25/2020,Brooklyn,11230,1.375305673
1/25/2020,Brooklyn,11231,0.532253351
1/25/2020,Brooklyn,11232,-0.055850753
1/25/2020,Brooklyn,11233,0.487238913
1/25/2020,Brooklyn,11235,0.910834778
1/25/2020,Brooklyn,11236,0.256419311
1/25/2020,Brooklyn,11237,0.394901807
1/25/2020,Brooklyn,11238,0.707545651
1/25/2020,Queens,11354,0.870481663
1/25/2020,Queens,11368,-0.871653131
1/25/2020,Queens,11370,0.814161746
1/25/2020,Queens,11372,0.788498481
1/25/2020,Queens,11373,-0.46086742
1/25/2020,Queens,11374,-0.680292197
1/25/2020,Queens,11375,0.482119133
1/25/2020,Queens,11377,0.40006203
1/25/2020,Queens,11379,0.284392576
1/25/2020,Queens,11385,0.457048629
1/25/2020,Queens,11414,-1.704359158
1/25/2020,Queens,11415,0.88259881
1/25/2020,Queens,11417,-0.947984668
1/25/2020,Queens,11418,0.779476794
1/25/2020,Queens,11419,-0.669824409
1/25/2020,Queens,11420,-0.753484248
1/25/2020,Queens,11421,0.565717242
1/25/2020,Queens,11432,0.54946545
1/25/2020,Queens,11433,0.869629585
1/25/2020,Queens,11435,0.138318305
1/25/2020,Queens,11691,0.051433229
1/25/2020,Queens,11692,0.108765023
1/25/2020,Queens,11693,-0.442492933
1/25/2020,Queens,11694,-0.429061731
2/1/2020,Manhattan,10001,0.445644623
2/1/2020,Manhattan,10002,-0.473695614
2/1/2020,Manhattan,10003,1.043543654
2/1/2020,Manhattan,10004,0.40304508
2/1/2020,Manhattan,10005,0.7515912
2/1/2020,Manhattan,10006,0.270493997
2/1/2020,Manhattan,10007,1.09515801
2/1/2020,Manhattan,10009,1.158144479
2/1/2020,Manhattan,10010,0.605823819
2/1/2020,Manhattan,10011,0.785355698
2/1/2020,Manhattan,10012,-0.414829455
2/1/2020,Manhattan,10013,0.430943182
2/1/2020,Manhattan,10014,0.786985178
2/1/2020,Manhattan,10016,0.534795339
2/1/2020,Manhattan,10018,1.059600663
2/1/2020,Manhattan,10019,0.502275926
2/1/2020,Manhattan,10021,0.469518514
2/1/2020,Manhattan,10022,-0.263821457
2/1/2020,Manhattan,10023,0.721607882
2/1/2020,Manhattan,10024,0.686909012
2/1/2020,Manhattan,10025,1.005189084
2/1/2020,Manhattan,10026,0.76307354
2/1/2020,Manhattan,10027,0.964879958
2/1/2020,Manhattan,10028,0.226635236
2/1/2020,Manhattan,10029,0.549734654
2/1/2020,Manhattan,10030,0.773889832
2/1/2020,Manhattan,10031,1.042798096
2/1/2020,Manhattan,10032,1.320827748
2/1/2020,Manhattan,10033,1.574962439
2/1/2020,Manhattan,10034,-0.779224522
2/1/2020,Manhattan,10035,0.544307734
2/1/2020,Manhattan,10036,0.327591257
2/1/2020,Manhattan,10037,1.0478314
2/1/2020,Manhattan,10038,0.572778075
2/1/2020,Manhattan,10039,1.000460988
2/1/2020,Manhattan,10040,-0.271248477
2/1/2020,Manhattan,10044,0.921676112
2/1/2020,Manhattan,10065,1.177310749
2/1/2020,Manhattan,10075,0.103086432
2/1/2020,Manhattan,10128,0.882154764
2/1/2020,Bronx,10451,0.790167308
2/1/2020,Bronx,10452,0.695507043
2/1/2020,Bronx,10453,0.978520422
2/1/2020,Bronx,10454,0.883582711
2/1/2020,Bronx,10455,0.960716394
2/1/2020,Bronx,10457,0.477056217
2/1/2020,Bronx,10458,0.832390628
2/1/2020,Bronx,10459,0.616535375
2/1/2020,Bronx,10460,0.755559176
2/1/2020,Bronx,10461,0.775811067
2/1/2020,Bronx,10462,0.782640035
2/1/2020,Bronx,10463,0.95976055
2/1/2020,Bronx,10466,0.776656988
2/1/2020,Bronx,10467,0.837642941
2/1/2020,Bronx,10468,0.920686453
2/1/2020,Bronx,10469,0.574439475
2/1/2020,Bronx,10470,0.71480612
2/1/2020,Bronx,10471,1.170631802
2/1/2020,Bronx,10472,1.077544443
2/1/2020,Bronx,10473,1.023017133
2/1/2020,Bronx,10475,0.556639496
2/1/2020,Queens,11101,0.643462675
2/1/2020,Queens,11103,0.413841599
2/1/2020,Queens,11104,0.948976795
2/1/2020,Queens,11106,0.809674617
2/1/2020,Brooklyn,11201,0.858446891
2/1/2020,Brooklyn,11203,0.59279525
2/1/2020,Brooklyn,11204,0.484254835
2/1/2020,Brooklyn,11205,1.175104968
2/1/2020,Brooklyn,11206,0.714724674
2/1/2020,Brooklyn,11207,0.872757944
2/1/2020,Brooklyn,11208,0.661313538
2/1/2020,Brooklyn,11209,0.733076292
2/1/2020,Brooklyn,11210,0.754972862
2/1/2020,Brooklyn,11211,0.867966272
2/1/2020,Brooklyn,11212,0.796625606
2/1/2020,Brooklyn,11213,1.787798742
2/1/2020,Brooklyn,11214,0.381000972
2/1/2020,Brooklyn,11215,0.739519129
2/1/2020,Brooklyn,11216,1.486135103
2/1/2020,Brooklyn,11217,0.385494433
2/1/2020,Brooklyn,11218,0.193828268
2/1/2020,Brooklyn,11219,0.479336849
2/1/2020,Brooklyn,11220,0.97736727
2/1/2020,Brooklyn,11221,1.505631534
2/1/2020,Brooklyn,11222,0.345459064
2/1/2020,Brooklyn,11223,0.366140955
2/1/2020,Brooklyn,11224,0.41096887
2/1/2020,Brooklyn,11225,0.974428011
2/1/2020,Brooklyn,11226,1.151416662
2/1/2020,Brooklyn,11228,0.579327216
2/1/2020,Brooklyn,11229,1.592901603
2/1/2020,Brooklyn,11230,1.636794525
2/1/2020,Brooklyn,11231,0.555129078
2/1/2020,Brooklyn,11232,0.803928239
2/1/2020,Brooklyn,11233,0.806839191
2/1/2020,Brooklyn,11235,1.163767301
2/1/2020,Brooklyn,11236,0.832960628
2/1/2020,Brooklyn,11237,0.636431987
2/1/2020,Brooklyn,11238,0.708392842
2/1/2020,Queens,11354,-0.541432289
2/1/2020,Queens,11368,0.755239004
2/1/2020,Queens,11370,0.690682908
2/1/2020,Queens,11372,0.741889696
2/1/2020,Queens,11373,0.417402937
2/1/2020,Queens,11374,0.609741871
2/1/2020,Queens,11375,0.619143889
2/1/2020,Queens,11377,0.858785521
2/1/2020,Queens,11379,0.376922975
2/1/2020,Queens,11385,0.72472876
2/1/2020,Queens,11414,-0.550522148
2/1/2020,Queens,11415,0.65001998
2/1/2020,Queens,11417,1.141967846
2/1/2020,Queens,11418,0.678548524
2/1/2020,Queens,11419,1.013034824
2/1/2020,Queens,11420,0.981486625
2/1/2020,Queens,11421,0.781467197
2/1/2020,Queens,11432,0.920679543
2/1/2020,Queens,11433,0.782829891
2/1/2020,Queens,11435,-0.221970932
2/1/2020,Queens,11691,0.678552093
2/1/2020,Queens,11692,0.79963888
2/1/2020,Queens,11693,-0.282158016
2/1/2020,Queens,11694,0.814372982
2/8/2020,Manhattan,10001,0.859710998
2/8/2020,Manhattan,10002,0.852927214
2/8/2020,Manhattan,10003,1.305651944
2/8/2020,Manhattan,10004,0.528913421
2/8/2020,Manhattan,10005,0.361762724
2/8/2020,Manhattan,10006,0.459648107
2/8/2020,Manhattan,10007,0.591745418
2/8/2020,Manhattan,10009,0.985872391
2/8/2020,Manhattan,10010,0.707305268
2/8/2020,Manhattan,10011,0.980624947
2/8/2020,Manhattan,10012,1.634390296
2/8/2020,Manhattan,10013,0.279358698
2/8/2020,Manhattan,10014,1.168520911
2/8/2020,Manhattan,10016,0.782340472
2/8/2020,Manhattan,10018,0.674262499
2/8/2020,Manhattan,10019,0.518953198
2/8/2020,Manhattan,10021,0.593705085
2/8/2020,Manhattan,10022,1.004735422
2/8/2020,Manhattan,10023,0.55470847
2/8/2020,Manhattan,10024,0.234734194
2/8/2020,Manhattan,10025,0.766845436
2/8/2020,Manhattan,10026,0.74246947
2/8/2020,Manhattan,10027,0.936584256
2/8/2020,Manhattan,10028,0.565831918
2/8/2020,Manhattan,10029,0.502708747
2/8/2020,Manhattan,10030,0.946917481
2/8/2020,Manhattan,10031,0.621193726
2/8/2020,Manhattan,10032,0.812027313
2/8/2020,Manhattan,10033,0.640746391
2/8/2020,Manhattan,10034,1.366101933
2/8/2020,Manhattan,10035,0.494969599
2/8/2020,Manhattan,10036,0.63212445
2/8/2020,Manhattan,10037,0.947538156
2/8/2020,Manhattan,10038,0.421776377
2/8/2020,Manhattan,10039,0.585422964
2/8/2020,Manhattan,10040,-0.670353588
2/8/2020,Manhattan,10044,0.609324546
2/8/2020,Manhattan,10065,0.481592021
2/8/2020,Manhattan,10075,0.270256511
2/8/2020,Manhattan,10128,0.435531362
2/8/2020,Bronx,10451,0.232026477
2/8/2020,Bronx,10452,0.668684198
2/8/2020,Bronx,10453,0.418939298
2/8/2020,Bronx,10454,-0.029111853
2/8/2020,Bronx,10455,0.780731422
2/8/2020,Bronx,10457,0.788245632
2/8/2020,Bronx,10458,0.464098333
2/8/2020,Bronx,10459,0.168385523
2/8/2020,Bronx,10460,0.141915599
2/8/2020,Bronx,10461,0.519020205
2/8/2020,Bronx,10462,0.707736652
2/8/2020,Bronx,10463,0.27647619
2/8/2020,Bronx,10466,0.854280953
2/8/2020,Bronx,10467,0.614593644
2/8/2020,Bronx,10468,0.652174112
2/8/2020,Bronx,10469,0.738403692
2/8/2020,Bronx,10470,0.559070504
2/8/2020,Bronx,10471,0.314754608
2/8/2020,Bronx,10472,0.427005518
2/8/2020,Bronx,10473,0.161889877
2/8/2020,Bronx,10475,0.584434037
2/8/2020,Queens,11101,0.441248604
2/8/2020,Queens,11103,1.159595974
2/8/2020,Queens,11104,0.600031572
2/8/2020,Queens,11106,0.6117755
2/8/2020,Brooklyn,11201,0.5846056
2/8/2020,Brooklyn,11203,0.77470808
2/8/2020,Brooklyn,11204,0.470892266
2/8/2020,Brooklyn,11205,1.098671245
2/8/2020,Brooklyn,11206,0.853680115
2/8/2020,Brooklyn,11207,0.501604804
2/8/2020,Brooklyn,11208,1.292910468
2/8/2020,Brooklyn,11209,0.886742026
2/8/2020,Brooklyn,11210,0.799546811
2/8/2020,Brooklyn,11211,0.976670224
2/8/2020,Brooklyn,11212,0.331482622
2/8/2020,Brooklyn,11213,0.933056781
2/8/2020,Brooklyn,11214,0.469280118
2/8/2020,Brooklyn,11215,0.869908356
2/8/2020,Brooklyn,11216,0.500012211
2/8/2020,Brooklyn,11217,1.048923835
2/8/2020,Brooklyn,11218,1.097111378
2/8/2020,Brooklyn,11219,0.495756575
2/8/2020,Brooklyn,11220,0.943588728
2/8/2020,Brooklyn,11221,0.566231849
2/8/2020,Brooklyn,11222,1.110689876
2/8/2020,Brooklyn,11223,0.952422359
2/8/2020,Brooklyn,11224,0.74860136
2/8/2020,Brooklyn,11225,0.671547868
2/8/2020,Brooklyn,11226,-0.957845432
2/8/2020,Brooklyn,11228,0.729688166
2/8/2020,Brooklyn,11229,-0.329845381
2/8/2020,Brooklyn,11230,-0.916578001
2/8/2020,Brooklyn,11231,0.290387512
2/8/2020,Brooklyn,11232,0.917162112
2/8/2020,Brooklyn,11233,0.72772798
2/8/2020,Brooklyn,11235,-0.164302005
2/8/2020,Brooklyn,11236,0.508727946
2/8/2020,Brooklyn,11237,0.802563502
2/8/2020,Brooklyn,11238,0.570441914
2/8/2020,Queens,11354,-0.528614378
2/8/2020,Queens,11368,0.787502887
2/8/2020,Queens,11370,0.716172618
2/8/2020,Queens,11372,1.025605738
2/8/2020,Queens,11373,1.102406584
2/8/2020,Queens,11374,0.830054072
2/8/2020,Queens,11375,0.518911565
2/8/2020,Queens,11377,0.860839814
2/8/2020,Queens,11379,0.258768773
2/8/2020,Queens,11385,0.729098387
2/8/2020,Queens,11414,-1.308946696
2/8/2020,Queens,11415,0.89129115
2/8/2020,Queens,11417,-1.219499339
2/8/2020,Queens,11418,0.822953587
2/8/2020,Queens,11419,-0.975774524
2/8/2020,Queens,11420,-2.0767298
2/8/2020,Queens,11421,0.785733439
2/8/2020,Queens,11432,0.773046804
2/8/2020,Queens,11433,0.61953134
2/8/2020,Queens,11435,1.011488457
2/8/2020,Queens,11691,0.167606192
2/8/2020,Queens,11692,0.007460417
2/8/2020,Queens,11693,-0.392977738
2/8/2020,Queens,11694,-0.560313173
2/15/2020,Manhattan,10001,-1.515782986
2/15/2020,Manhattan,10002,-1.152526757
2/15/2020,Manhattan,10003,-0.916994014
2/15/2020,Manhattan,10004,-1.090961413
2/15/2020,Manhattan,10005,-1.860099481
2/15/2020,Manhattan,10006,-0.687951378
2/15/2020,Manhattan,10007,-1.310919069
2/15/2020,Manhattan,10009,-1.974541407
2/15/2020,Manhattan,10010,-1.04716596
2/15/2020,Manhattan,10011,-1.561042763
2/15/2020,Manhattan,10012,-0.494865907
2/15/2020,Manhattan,10013,-1.252230291
2/15/2020,Manhattan,10014,-1.135618011
2/15/2020,Manhattan,10016,-1.874041793
2/15/2020,Manhattan,10018,-1.500757359
2/15/2020,Manhattan,10019,-1.243544411
2/15/2020,Manhattan,10021,-1.983075963
2/15/2020,Manhattan,10022,-0.116459647
2/15/2020,Manhattan,10023,-1.62822678
2/15/2020,Manhattan,10024,-1.685352345
2/15/2020,Manhattan,10025,-2.181277987
2/15/2020,Manhattan,10026,-1.969366961
2/15/2020,Manhattan,10027,-0.771196574
2/15/2020,Manhattan,10028,-1.958374732
2/15/2020,Manhattan,10029,-2.325332
2/15/2020,Manhattan,10030,-1.927407491
2/15/2020,Manhattan,10031,-0.882942128
2/15/2020,Manhattan,10032,-1.331486537
2/15/2020,Manhattan,10033,-1.269435781
2/15/2020,Manhattan,10034,-0.040276155
2/15/2020,Manhattan,10035,-2.076723057
2/15/2020,Manhattan,10036,-1.626904695
2/15/2020,Manhattan,10037,-1.606839605
2/15/2020,Manhattan,10038,-1.703946373
2/15/2020,Manhattan,10039,-1.939780295
2/15/2020,Manhattan,10040,-1.346608453
2/15/2020,Manhattan,10044,-0.244498748
2/15/2020,Manhattan,10065,-0.521407267
2/15/2020,Manhattan,10075,-2.026487098
2/15/2020,Manhattan,10128,-2.113130073
2/15/2020,Bronx,10451,-1.85507738
2/15/2020,Bronx,10452,-1.807429508
2/15/2020,Bronx,10453,-1.795350086
2/15/2020,Bronx,10454,-2.27553432
2/15/2020,Bronx,10455,-2.079504335
2/15/2020,Bronx,10457,-1.859753424
2/15/2020,Bronx,10458,-1.435113115
2/15/2020,Bronx,10459,-2.114600085
2/15/2020,Bronx,10460,-1.630595767
2/15/2020,Bronx,10461,-2.184377518
2/15/2020,Bronx,10462,-2.058003887
2/15/2020,Bronx,10463,-1.233115905
2/15/2020,Bronx,10466,-1.881755163
2/15/2020,Bronx,10467,-1.987351432
2/15/2020,Bronx,10468,-1.058799209
2/15/2020,Bronx,10469,-1.254800129
2/15/2020,Bronx,10470,-1.760932129
2/15/2020,Bronx,10471,-1.520250025
2/15/2020,Bronx,10472,-1.581605187
2/15/2020,Bronx,10473,-1.998756691
2/15/2020,Bronx,10475,-2.03667541
2/15/2020,Queens,11101,-1.713758215
2/15/2020,Queens,11103,-0.814974125
2/15/2020,Queens,11104,-1.615204604
2/15/2020,Queens,11106,-1.703736794
2/15/2020,Brooklyn,11201,-1.490960456
2/15/2020,Brooklyn,11203,-2.189074159
2/15/2020,Brooklyn,11204,-1.50336177
2/15/2020,Brooklyn,11205,-1.783598694
2/15/2020,Brooklyn,11206,-1.197952724
2/15/2020,Brooklyn,11207,-2.091364487
2/15/2020,Brooklyn,11208,-1.335560941
2/15/2020,Brooklyn,11209,-1.798647263
2/15/2020,Brooklyn,11210,-1.026830326
2/15/2020,Brooklyn,11211,-1.44334244
2/15/2020,Brooklyn,11212,-2.065167525
2/15/2020,Brooklyn,11213,-1.209058074
2/15/2020,Brooklyn,11214,-1.914835069
2/15/2020,Brooklyn,11215,-2.239878427
2/15/2020,Brooklyn,11216,-1.649938857
2/15/2020,Brooklyn,11217,-2.166835784
2/15/2020,Brooklyn,11218,-1.58155529
2/15/2020,Brooklyn,11219,-1.854609895
2/15/2020,Brooklyn,11220,-1.661918097
2/15/2020,Brooklyn,11221,-0.543792509
2/15/2020,Brooklyn,11222,-1.645727653
2/15/2020,Brooklyn,11223,-0.760354316
2/15/2020,Brooklyn,11224,-0.268305999
2/15/2020,Brooklyn,11225,-1.806291761
2/15/2020,Brooklyn,11226,-0.502441281
2/15/2020,Brooklyn,11228,-1.845064102
2/15/2020,Brooklyn,11229,-0.861423693
2/15/2020,Brooklyn,11230,-0.102547048
2/15/2020,Brooklyn,11231,-2.448531055
2/15/2020,Brooklyn,11232,-1.778312169
2/15/2020,Brooklyn,11233,-1.580020431
2/15/2020,Brooklyn,11235,-1.764279559
2/15/2020,Brooklyn,11236,-1.580975818
2/15/2020,Brooklyn,11237,-2.0588359
2/15/2020,Brooklyn,11238,-1.676637979
2/15/2020,Queens,11354,-1.683803897
2/15/2020,Queens,11368,1.093217327
2/15/2020,Queens,11370,-1.682158316
2/15/2020,Queens,11372,-1.669099109
2/15/2020,Queens,11373,-1.408460877
2/15/2020,Queens,11374,-1.665841629
2/15/2020,Queens,11375,-1.975804705
2/15/2020,Queens,11377,-1.0467761
2/15/2020,Queens,11379,-2.080114998
2/15/2020,Queens,11385,-2.047880675
2/15/2020,Queens,11414,0.683249996
2/15/2020,Queens,11415,-1.815785472
2/15/2020,Queens,11417,-1.11478549
2/15/2020,Queens,11418,-0.520168777
2/15/2020,Queens,11419,-0.534885712
2/15/2020,Queens,11420,0.298947322
2/15/2020,Queens,11421,0.000135436
2/15/2020,Queens,11432,-1.544401349
2/15/2020,Queens,11433,-1.312026937
2/15/2020,Queens,11435,-1.792548676
2/15/2020,Queens,11691,-2.479989974
2/15/2020,Queens,11692,-2.480981224
2/15/2020,Queens,11693,2.645722622
2/15/2020,Queens,11694,-1.175122559
2/22/2020,Manhattan,10001,0.204472056
2/22/2020,Manhattan,10002,0.207826811
2/22/2020,Manhattan,10003,0.702279277
2/22/2020,Manhattan,10004,0.882635733
2/22/2020,Manhattan,10005,0.980166551
2/22/2020,Manhattan,10006,-0.476264251
2/22/2020,Manhattan,10007,0.495857305
2/22/2020,Manhattan,10009,-0.161303104
2/22/2020,Manhattan,10010,0.634429328
2/22/2020,Manhattan,10011,0.828087344
2/22/2020,Manhattan,10012,0.467823184
2/22/2020,Manhattan,10013,-0.365399267
2/22/2020,Manhattan,10014,0.781961082
2/22/2020,Manhattan,10016,0.436191272
2/22/2020,Manhattan,10018,0.592913331
2/22/2020,Manhattan,10019,0.367008749
2/22/2020,Manhattan,10021,0.189322111
2/22/2020,Manhattan,10022,1.255458051
2/22/2020,Manhattan,10023,0.24155298
2/22/2020,Manhattan,10024,0.791920581
2/22/2020,Manhattan,10025,0.342822541
2/22/2020,Manhattan,10026,0.637590106
2/22/2020,Manhattan,10027,0.852217293
2/22/2020,Manhattan,10028,0.67850139
2/22/2020,Manhattan,10029,0.341361239
2/22/2020,Manhattan,10030,0.884937428
2/22/2020,Manhattan,10031,0.704211313
2/22/2020,Manhattan,10032,0.46005215
2/22/2020,Manhattan,10033,0.808769522
2/22/2020,Manhattan,10034,1.198836823
2/22/2020,Manhattan,10035,0.420386016
2/22/2020,Manhattan,10036,0.421436934
2/22/2020,Manhattan,10037,0.729445937
2/22/2020,Manhattan,10038,0.894028174
2/22/2020,Manhattan,10039,0.812372595
2/22/2020,Manhattan,10040,-0.775216267
2/22/2020,Manhattan,10044,1.391138646
2/22/2020,Manhattan,10065,0.936555383
2/22/2020,Manhattan,10075,0.269133487
2/22/2020,Manhattan,10128,0.318341548
2/22/2020,Bronx,10451,0.559121205
2/22/2020,Bronx,10452,0.782641613
2/22/2020,Bronx,10453,0.480119585
2/22/2020,Bronx,10454,0.269803591
2/22/2020,Bronx,10455,0.662673483
2/22/2020,Bronx,10457,0.809294253
2/22/2020,Bronx,10458,0.493154925
2/22/2020,Bronx,10459,0.275236066
2/22/2020,Bronx,10460,0.958923309
2/22/2020,Bronx,10461,0.209026816
2/22/2020,Bronx,10462,0.430861647
2/22/2020,Bronx,10463,0.134076982
2/22/2020,Bronx,10466,-0.020031991
2/22/2020,Bronx,10467,0.416596064
2/22/2020,Bronx,10468,0.770749444
2/22/2020,Bronx,10469,-0.91935851
2/22/2020,Bronx,10470,0.840005341
2/22/2020,Bronx,10471,0.126687502
2/22/2020,Bronx,10472,0.621167675
2/22/2020,Bronx,10473,0.577257142
2/22/2020,Bronx,10475,0.326702838
2/22/2020,Queens,11101,0.499965748
2/22/2020,Queens,11103,1.05500847
2/22/2020,Queens,11104,0.748665503
2/22/2020,Queens,11106,0.499087235
2/22/2020,Brooklyn,11201,0.975967757
2/22/2020,Brooklyn,11203,0.397389759
2/22/2020,Brooklyn,11204,1.076662052
2/22/2020,Brooklyn,11205,0.444085008
2/22/2020,Brooklyn,11206,0.580251666
2/22/2020,Brooklyn,11207,0.47233151
2/22/2020,Brooklyn,11208,0.261302149
2/22/2020,Brooklyn,11209,0.498816642
2/22/2020,Brooklyn,11210,0.966410428
2/22/2020,Brooklyn,11211,0.765708811
2/22/2020,Brooklyn,11212,0.44859964
2/22/2020,Brooklyn,11213,0.387994407
2/22/2020,Brooklyn,11214,0.889473432
2/22/2020,Brooklyn,11215,0.241472588
2/22/2020,Brooklyn,11216,-0.0808089
2/22/2020,Brooklyn,11217,0.695817725
2/22/2020,Brooklyn,11218,1.151364138
2/22/2020,Brooklyn,11219,0.967237274
2/22/2020,Brooklyn,11220,1.027309777
2/22/2020,Brooklyn,11221,0.86265607
2/22/2020,Brooklyn,11222,0.855612939
2/22/2020,Brooklyn,11223,1.258879459
2/22/2020,Brooklyn,11224,1.312391481
2/22/2020,Brooklyn,11225,0.482564771
2/22/2020,Brooklyn,11226,-1.247770532
2/22/2020,Brooklyn,11228,1.060482256
2/22/2020,Brooklyn,11229,-0.585893573
2/22/2020,Brooklyn,11230,-0.778488383
2/22/2020,Brooklyn,11231,0.271110214
2/22/2020,Brooklyn,11232,0.583993216
2/22/2020,Brooklyn,11233,0.635544261
2/22/2020,Brooklyn,11235,-0.17425269
2/22/2020,Brooklyn,11236,0.232521225
2/22/2020,Brooklyn,11237,0.512486225
2/22/2020,Brooklyn,11238,0.850862122
2/22/2020,Queens,11354,-0.485371538
2/22/2020,Queens,11368,0.824974274
2/22/2020,Queens,11370,0.60397611
2/22/2020,Queens,11372,-0.001938713
2/22/2020,Queens,11373,0.785196265
2/22/2020,Queens,11374,1.212855671
2/22/2020,Queens,11375,0.558950388
2/22/2020,Queens,11377,0.879020301
2/22/2020,Queens,11379,0.386887787
2/22/2020,Queens,11385,0.655462076
2/22/2020,Queens,11414,0.222397305
2/22/2020,Queens,11415,0.707812295
2/22/2020,Queens,11417,1.015940558
2/22/2020,Queens,11418,0.355578059
2/22/2020,Queens,11419,1.003415432
2/22/2020,Queens,11420,-0.238277162
2/22/2020,Queens,11421,-2.045832366
2/22/2020,Queens,11432,0.790104782
2/22/2020,Queens,11433,0.919164488
2/22/2020,Queens,11435,-0.262429937
2/22/2020,Queens,11691,0.610425973
2/22/2020,Queens,11692,0.487479337
2/22/2020,Queens,11693,-0.199632691
2/22/2020,Queens,11694,0.973256307
2/29/2020,Manhattan,10001,-0.927846394
2/29/2020,Manhattan,10002,-0.528149229
2/29/2020,Manhattan,10003,-0.249133775
2/29/2020,Manhattan,10004,-0.318784499
2/29/2020,Manhattan,10005,0.079817544
2/29/2020,Manhattan,10006,-1.45319374
2/29/2020,Manhattan,10007,0.008349232
2/29/2020,Manhattan,10009,-0.767331699
2/29/2020,Manhattan,10010,-0.557637158
2/29/2020,Manhattan,10011,-0.322470274
2/29/2020,Manhattan,10012,-0.688509088
2/29/2020,Manhattan,10013,-1.490004605
2/29/2020,Manhattan,10014,-0.467782709
2/29/2020,Manhattan,10016,-0.579110716
2/29/2020,Manhattan,10018,0.133361891
2/29/2020,Manhattan,10019,-0.209626058
2/29/2020,Manhattan,10021,-0.79076929
2/29/2020,Manhattan,10022,0.654803011
2/29/2020,Manhattan,10023,-0.998994575
2/29/2020,Manhattan,10024,-0.348955112
2/29/2020,Manhattan,10025,-0.228768986
2/29/2020,Manhattan,10026,-0.077820385
2/29/2020,Manhattan,10027,0.534618848
2/29/2020,Manhattan,10028,-0.214428476
2/29/2020,Manhattan,10029,0.149041495
2/29/2020,Manhattan,10030,0.609900941
2/29/2020,Manhattan,10031,0.67734218
2/29/2020,Manhattan,10032,0.152593107
2/29/2020,Manhattan,10033,0.449198161
2/29/2020,Manhattan,10034,0.250690589
2/29/2020,Manhattan,10035,0.289086633
2/29/2020,Manhattan,10036,-0.962232642
2/29/2020,Manhattan,10037,0.462848258
2/29/2020,Manhattan,10038,-0.138878163
2/29/2020,Manhattan,10039,0.562883446
2/29/2020,Manhattan,10040,-0.748897095
2/29/2020,Manhattan,10044,0.227301747
2/29/2020,Manhattan,10065,0.361710796
2/29/2020,Manhattan,10075,-0.440617402
2/29/2020,Manhattan,10128,-0.263592685
2/29/2020,Bronx,10451,0.730168429
2/29/2020,Bronx,10452,0.655510847
2/29/2020,Bronx,10453,0.550476915
2/29/2020,Bronx,10454,0.261145979
2/29/2020,Bronx,10455,0.287603105
2/29/2020,Bronx,10457,0.477881653
2/29/2020,Bronx,10458,1.069928262
2/29/2020,Bronx,10459,-0.089182084
2/29/2020,Bronx,10460,0.768343418
2/29/2020,Bronx,10461,0.067153411
2/29/2020,Bronx,10462,-0.102992152
2/29/2020,Bronx,10463,-0.08687808
2/29/2020,Bronx,10466,-0.376017166
2/29/2020,Bronx,10467,0.160483588
2/29/2020,Bronx,10468,0.909410344
2/29/2020,Bronx,10469,-1.160222387
2/29/2020,Bronx,10470,0.255233371
2/29/2020,Bronx,10471,-0.229805236
2/29/2020,Bronx,10472,0.376178841
2/29/2020,Bronx,10473,0.596597968
2/29/2020,Bronx,10475,0.183518838
2/29/2020,Queens,11101,0.071342028
2/29/2020,Queens,11103,0.482400631
2/29/2020,Queens,11104,0.650724601
2/29/2020,Queens,11106,0.144968222
2/29/2020,Brooklyn,11201,0.366172212
2/29/2020,Brooklyn,11203,0.621844158
2/29/2020,Brooklyn,11204,0.589059296
2/29/2020,Brooklyn,11205,-0.010597648
2/29/2020,Brooklyn,11206,0.327051636
2/29/2020,Brooklyn,11207,0.483074004
2/29/2020,Brooklyn,11208,0.239514503
2/29/2020,Brooklyn,11209,-0.14351687
2/29/2020,Brooklyn,11210,0.896547114
2/29/2020,Brooklyn,11211,-0.665976225
2/29/2020,Brooklyn,11212,0.578093378
2/29/2020,Brooklyn,11213,-0.219858627
2/29/2020,Brooklyn,11214,0.222946606
2/29/2020,Brooklyn,11215,-0.340240996
2/29/2020,Brooklyn,11216,-0.072965179
2/29/2020,Brooklyn,11217,0.823131109
2/29/2020,Brooklyn,11218,0.91102948
2/29/2020,Brooklyn,11219,0.182106302
2/29/2020,Brooklyn,11220,-0.232857804
2/29/2020,Brooklyn,11221,-0.290747443
2/29/2020,Brooklyn,11222,0.674984294
2/29/2020,Brooklyn,11223,0.75645537
2/29/2020,Brooklyn,11224,0.74860136
2/29/2020,Brooklyn,11225,0.310451228
2/29/2020,Brooklyn,11226,-1.157259604
2/29/2020,Brooklyn,11228,0.12251633
2/29/2020,Brooklyn,11229,-1.051471885
2/29/2020,Brooklyn,11230,-0.737722565
2/29/2020,Brooklyn,11231,0.098128589
2/29/2020,Brooklyn,11232,-0.148034739
2/29/2020,Brooklyn,11233,0.766945504
2/29/2020,Brooklyn,11235,-0.135838418
2/29/2020,Brooklyn,11236,-0.094239139
2/29/2020,Brooklyn,11237,0.422824758
2/29/2020,Brooklyn,11238,0.132255922
2/29/2020,Queens,11354,-0.675189296
2/29/2020,Queens,11368,0.658560563
2/29/2020,Queens,11370,0.347616492
2/29/2020,Queens,11372,0.417540354
2/29/2020,Queens,11373,0.234953678
2/29/2020,Queens,11374,0.424196545
2/29/2020,Queens,11375,0.054812908
2/29/2020,Queens,11377,0.478844144
2/29/2020,Queens,11379,0.58618403
2/29/2020,Queens,11385,0.280321481
2/29/2020,Queens,11414,0.338356539
2/29/2020,Queens,11415,-0.037379673
2/29/2020,Queens,11417,1.043740695
2/29/2020,Queens,11418,0.090059072
2/29/2020,Queens,11419,1.000476173
2/29/2020,Queens,11420,-0.46285461
2/29/2020,Queens,11421,0.68334363
2/29/2020,Queens,11432,0.396959004
2/29/2020,Queens,11433,0.656493164
2/29/2020,Queens,11435,0.028586761
2/29/2020,Queens,11691,0.616880026
2/29/2020,Queens,11692,0.558156969
2/29/2020,Queens,11693,-0.324010145
2/29/2020,Queens,11694,0.406802715
3/7/2020,Manhattan,10001,-7.364531567
3/7/2020,Manhattan,10002,-6.519213089
3/7/2020,Manhattan,10003,-6.608647808
3/7/2020,Manhattan,10004,-4.131442593
3/7/2020,Manhattan,10005,-4.648977994
3/7/2020,Manhattan,10006,-5.800129478
3/7/2020,Manhattan,10007,-2.564379543
3/7/2020,Manhattan,10009,-3.656058681
3/7/2020,Manhattan,10010,-7.0442769
3/7/2020,Manhattan,10011,-6.15230437
3/7/2020,Manhattan,10012,-7.758634506
3/7/2020,Manhattan,10013,-6.798201985
3/7/2020,Manhattan,10014,-6.053173271
3/7/2020,Manhattan,10016,-5.952373733
3/7/2020,Manhattan,10018,-5.398381527
3/7/2020,Manhattan,10019,-5.972167353
3/7/2020,Manhattan,10021,-4.221938055
3/7/2020,Manhattan,10022,-1.278334877
3/7/2020,Manhattan,10023,-6.76374311
3/7/2020,Manhattan,10024,-8.843265948
3/7/2020,Manhattan,10025,-4.524708479
3/7/2020,Manhattan,10026,-3.068973644
3/7/2020,Manhattan,10027,-3.263610969
3/7/2020,Manhattan,10028,-4.673676583
3/7/2020,Manhattan,10029,-1.886207325
3/7/2020,Manhattan,10030,-1.642040995
3/7/2020,Manhattan,10031,-2.039207511
3/7/2020,Manhattan,10032,-1.310482453
3/7/2020,Manhattan,10033,-1.005080628
3/7/2020,Manhattan,10034,-3.994768125
3/7/2020,Manhattan,10035,-1.928016996
3/7/2020,Manhattan,10036,-6.704646892
3/7/2020,Manhattan,10037,-2.199116801
3/7/2020,Manhattan,10038,-5.055938771
3/7/2020,Manhattan,10039,-1.781226443
3/7/2020,Manhattan,10040,-0.743160107
3/7/2020,Manhattan,10044,-5.475452299
3/7/2020,Manhattan,10065,-2.900323206
3/7/2020,Manhattan,10075,-4.423019372
3/7/2020,Manhattan,10128,-3.488265732
3/7/2020,Bronx,10451,-1.103200674
3/7/2020,Bronx,10452,-1.133049203
3/7/2020,Bronx,10453,-1.128047957
3/7/2020,Bronx,10454,-0.981221335
3/7/2020,Bronx,10455,-1.060911417
3/7/2020,Bronx,10457,-1.326108976
3/7/2020,Bronx,10458,-1.354481075
3/7/2020,Bronx,10459,-1.591017602
3/7/2020,Bronx,10460,-2.301294939
3/7/2020,Bronx,10461,-1.488488469
3/7/2020,Bronx,10462,-1.892480786
3/7/2020,Bronx,10463,-0.389509833
3/7/2020,Bronx,10466,-1.392640714
3/7/2020,Bronx,10467,-1.501449856
3/7/2020,Bronx,10468,-1.143898593
3/7/2020,Bronx,10469,-1.458981984
3/7/2020,Bronx,10470,-1.622754941
3/7/2020,Bronx,10471,-1.523196246
3/7/2020,Bronx,10472,-1.042714819
3/7/2020,Bronx,10473,-1.817321322
3/7/2020,Bronx,10475,-1.368764166
3/7/2020,Queens,11101,-4.431207448
3/7/2020,Queens,11103,-2.448847806
3/7/2020,Queens,11104,-2.626358286
3/7/2020,Queens,11106,-3.292178227
3/7/2020,Brooklyn,11201,-3.113359994
3/7/2020,Brooklyn,11203,-0.436615484
3/7/2020,Brooklyn,11204,-3.619625852
3/7/2020,Brooklyn,11205,-2.843218332
3/7/2020,Brooklyn,11206,-1.353228821
3/7/2020,Brooklyn,11207,-0.506399139
3/7/2020,Brooklyn,11208,-1.029677079
3/7/2020,Brooklyn,11209,-3.727259678
3/7/2020,Brooklyn,11210,-0.951308661
3/7/2020,Brooklyn,11211,-5.06377228
3/7/2020,Brooklyn,11212,-1.125829927
3/7/2020,Brooklyn,11213,-5.638922663
3/7/2020,Brooklyn,11214,-3.799537009
3/7/2020,Brooklyn,11215,-3.587358161
3/7/2020,Brooklyn,11216,-6.548664088
3/7/2020,Brooklyn,11217,-3.158677527
3/7/2020,Brooklyn,11218,-2.490415786
3/7/2020,Brooklyn,11219,-4.510249226
3/7/2020,Brooklyn,11220,-7.245946323
3/7/2020,Brooklyn,11221,-3.763007745
3/7/2020,Brooklyn,11222,-4.56812826
3/7/2020,Brooklyn,11223,-1.959369969
3/7/2020,Brooklyn,11224,-1.03339245
3/7/2020,Brooklyn,11225,-2.394190168
3/7/2020,Brooklyn,11226,-0.685380081
3/7/2020,Brooklyn,11228,-5.2475176
3/7/2020,Brooklyn,11229,-2.84341164
3/7/2020,Brooklyn,11230,-1.118387164
3/7/2020,Brooklyn,11231,-3.618020496
3/7/2020,Brooklyn,11232,-3.264506754
3/7/2020,Brooklyn,11233,-3.644575119
3/7/2020,Brooklyn,11235,-2.247697712
3/7/2020,Brooklyn,11236,-1.081873489
3/7/2020,Brooklyn,11237,-1.068742959
3/7/2020,Brooklyn,11238,-4.007024983
3/7/2020,Queens,11354,-1.539116452
3/7/2020,Queens,11368,-0.100376524
3/7/2020,Queens,11370,-3.34463059
3/7/2020,Queens,11372,-2.492760002
3/7/2020,Queens,11373,-3.901197681
3/7/2020,Queens,11374,-3.675733005
3/7/2020,Queens,11375,-3.703561085
3/7/2020,Queens,11377,-2.164824734
3/7/2020,Queens,11379,-0.870102091
3/7/2020,Queens,11385,-1.300674408
3/7/2020,Queens,11414,-2.423988521
3/7/2020,Queens,11415,-2.118607807
3/7/2020,Queens,11417,-1.53703868
3/7/2020,Queens,11418,-0.239122363
3/7/2020,Queens,11419,-0.613444082
3/7/2020,Queens,11420,-5.053481855
3/7/2020,Queens,11421,0.068395309
3/7/2020,Queens,11432,-1.940390124
3/7/2020,Queens,11433,-0.89802421
3/7/2020,Queens,11435,-3.671791407
3/7/2020,Queens,11691,-0.63054509
3/7/2020,Queens,11692,-0.538524293
3/7/2020,Queens,11693,-0.633480114
3/7/2020,Queens,11694,-1.144036692
3/14/2020,Manhattan,10001,-23.18114178
3/14/2020,Manhattan,10002,-24.19412086
3/14/2020,Manhattan,10003,-23.39004636
3/14/2020,Manhattan,10004,-16.38299664
3/14/2020,Manhattan,10005,-15.18578324
3/14/2020,Manhattan,10006,-17.20553261
3/14/2020,Manhattan,10007,-10.58429072
3/14/2020,Manhattan,10009,-13.50427971
3/14/2020,Manhattan,10010,-21.40219924
3/14/2020,Manhattan,10011,-19.74956086
3/14/2020,Manhattan,10012,-27.40748116
3/14/2020,Manhattan,10013,-20.53999905
3/14/2020,Manhattan,10014,-21.56676789
3/14/2020,Manhattan,10016,-17.30332011
3/14/2020,Manhattan,10018,-21.27431388
3/14/2020,Manhattan,10019,-19.81176526
3/14/2020,Manhattan,10021,-15.27447065
3/14/2020,Manhattan,10022,-12.53802249
3/14/2020,Manhattan,10023,-20.1061534
3/14/2020,Manhattan,10024,-30.70342433
3/14/2020,Manhattan,10025,-17.66731977
3/14/2020,Manhattan,10026,-15.81561184
3/14/2020,Manhattan,10027,-12.04276851
3/14/2020,Manhattan,10028,-17.22146928
3/14/2020,Manhattan,10029,-9.762560259
3/14/2020,Manhattan,10030,-12.4575603
3/14/2020,Manhattan,10031,-12.29982422
3/14/2020,Manhattan,10032,-8.766618966
3/14/2020,Manhattan,10033,-9.475324728
3/14/2020,Manhattan,10034,-16.68455232
3/14/2020,Manhattan,10035,-10.55492826
3/14/2020,Manhattan,10036,-20.26977458
3/14/2020,Manhattan,10037,-12.88563553
3/14/2020,Manhattan,10038,-15.9028705
3/14/2020,Manhattan,10039,-11.61856028
3/14/2020,Manhattan,10040,-2.589642256
3/14/2020,Manhattan,10044,-11.962826
3/14/2020,Manhattan,10065,-11.84333724
3/14/2020,Manhattan,10075,-14.54483071
3/14/2020,Manhattan,10128,-13.42878319
3/14/2020,Bronx,10451,-9.526110508
3/14/2020,Bronx,10452,-10.40216763
3/14/2020,Bronx,10453,-9.421691352
3/14/2020,Bronx,10454,-8.035808075
3/14/2020,Bronx,10455,-8.927169866
3/14/2020,Bronx,10457,-11.35020515
3/14/2020,Bronx,10458,-11.34014188
3/14/2020,Bronx,10459,-8.255912878
3/14/2020,Bronx,10460,-9.144651899
3/14/2020,Bronx,10461,-9.217396865
3/14/2020,Bronx,10462,-10.81601507
3/14/2020,Bronx,10463,-4.850162765
3/14/2020,Bronx,10466,-9.787714313
3/14/2020,Bronx,10467,-10.09609625
3/14/2020,Bronx,10468,-8.720034194
3/14/2020,Bronx,10469,-6.982498912
3/14/2020,Bronx,10470,-10.09507782
3/14/2020,Bronx,10471,-7.304663879
3/14/2020,Bronx,10472,-9.160521892
3/14/2020,Bronx,10473,-11.64706592
3/14/2020,Bronx,10475,-9.635534482
3/14/2020,Queens,11101,-18.61709414
3/14/2020,Queens,11103,-15.90740567
3/14/2020,Queens,11104,-16.96116585
3/14/2020,Queens,11106,-19.98455198
3/14/2020,Brooklyn,11201,-13.97732099
3/14/2020,Brooklyn,11203,-8.237120171
3/14/2020,Brooklyn,11204,-13.21735639
3/14/2020,Brooklyn,11205,-20.72152328
3/14/2020,Brooklyn,11206,-9.315697412
3/14/2020,Brooklyn,11207,-7.225201978
3/14/2020,Brooklyn,11208,-7.069628726
3/14/2020,Brooklyn,11209,-16.57285534
3/14/2020,Brooklyn,11210,-6.778139969
3/14/2020,Brooklyn,11211,-22.93997198
3/14/2020,Brooklyn,11212,-8.732340109
3/14/2020,Brooklyn,11213,-18.2085607
3/14/2020,Brooklyn,11214,-16.22530867
3/14/2020,Brooklyn,11215,-15.46792889
3/14/2020,Brooklyn,11216,-19.22025966
3/14/2020,Brooklyn,11217,-12.47113648
3/14/2020,Brooklyn,11218,-11.29457403
3/14/2020,Brooklyn,11219,-16.53451498
3/14/2020,Brooklyn,11220,-22.51550529
3/14/2020,Brooklyn,11221,-28.64288067
3/14/2020,Brooklyn,11222,-25.55339335
3/14/2020,Brooklyn,11223,-8.65535863
3/14/2020,Brooklyn,11224,-7.137242536
3/14/2020,Brooklyn,11225,-14.24411391
3/14/2020,Brooklyn,11226,-7.801341942
3/14/2020,Brooklyn,11228,-20.91942462
3/14/2020,Brooklyn,11229,-14.51388149
3/14/2020,Brooklyn,11230,-7.898734316
3/14/2020,Brooklyn,11231,-13.12481301
3/14/2020,Brooklyn,11232,-18.2712613
3/14/2020,Brooklyn,11233,-16.49507572
3/14/2020,Brooklyn,11235,-14.80013949
3/14/2020,Brooklyn,11236,-6.236047167
3/14/2020,Brooklyn,11237,-8.139811841
3/14/2020,Brooklyn,11238,-13.97723888
3/14/2020,Queens,11354,-3.328496734
3/14/2020,Queens,11368,-7.295392181
3/14/2020,Queens,11370,-18.53628844
3/14/2020,Queens,11372,-19.59603302
3/14/2020,Queens,11373,-20.55466324
3/14/2020,Queens,11374,-16.24011588
3/14/2020,Queens,11375,-16.09151887
3/14/2020,Queens,11377,-14.88633851
3/14/2020,Queens,11379,-10.03061156
3/14/2020,Queens,11385,-10.15985098
3/14/2020,Queens,11414,-5.626936039
3/14/2020,Queens,11415,-12.7848139
3/14/2020,Queens,11417,-9.617920696
3/14/2020,Queens,11418,-5.821232071
3/14/2020,Queens,11419,-5.726685475
3/14/2020,Queens,11420,-15.30037835
3/14/2020,Queens,11421,-3.453082784
3/14/2020,Queens,11432,-11.60434387
3/14/2020,Queens,11433,-8.198135961
3/14/2020,Queens,11435,-18.38902449
3/14/2020,Queens,11691,-4.271706935
3/14/2020,Queens,11692,-4.061804268
3/14/2020,Queens,11693,-1.877254655
3/14/2020,Queens,11694,-8.988037343
3/21/2020,Manhattan,10001,-28.20217607
3/21/2020,Manhattan,10002,-31.95201165
3/21/2020,Manhattan,10003,-28.64356967
3/21/2020,Manhattan,10004,-20.21898418
3/21/2020,Manhattan,10005,-18.28207197
3/21/2020,Manhattan,10006,-20.03668289
3/21/2020,Manhattan,10007,-12.82682786
3/21/2020,Manhattan,10009,-17.16953618
3/21/2020,Manhattan,10010,-26.52428809
3/21/2020,Manhattan,10011,-23.0759423
3/21/2020,Manhattan,10012,-32.78967669
3/21/2020,Manhattan,10013,-24.75217775
3/21/2020,Manhattan,10014,-25.67285782
3/21/2020,Manhattan,10016,-21.20994173
3/21/2020,Manhattan,10018,-33.24405899
3/21/2020,Manhattan,10019,-23.85103679
3/21/2020,Manhattan,10021,-18.57227792
3/21/2020,Manhattan,10022,-20.21245952
3/21/2020,Manhattan,10023,-24.13335636
3/21/2020,Manhattan,10024,-38.3502668
3/21/2020,Manhattan,10025,-22.59022287
3/21/2020,Manhattan,10026,-21.81294538
3/21/2020,Manhattan,10027,-15.7714554
3/21/2020,Manhattan,10028,-22.38827734
3/21/2020,Manhattan,10029,-14.38812576
3/21/2020,Manhattan,10030,-18.9176896
3/21/2020,Manhattan,10031,-17.25767023
3/21/2020,Manhattan,10032,-12.67706224
3/21/2020,Manhattan,10033,-13.89897301
3/21/2020,Manhattan,10034,-23.60648574
3/21/2020,Manhattan,10035,-15.9091534
3/21/2020,Manhattan,10036,-24.70951553
3/21/2020,Manhattan,10037,-19.76174037
3/21/2020,Manhattan,10038,-19.42048832
3/21/2020,Manhattan,10039,-18.65088995
3/21/2020,Manhattan,10040,-3.66878746
3/21/2020,Manhattan,10044,-15.48285982
3/21/2020,Manhattan,10065,-14.91755383
3/21/2020,Manhattan,10075,-18.29813587
3/21/2020,Manhattan,10128,-17.14912574
3/21/2020,Bronx,10451,-14.84029692
3/21/2020,Bronx,10452,-18.9205638
3/21/2020,Bronx,10453,-17.19049528
3/21/2020,Bronx,10454,-14.23534172
3/21/2020,Bronx,10455,-15.22511858
3/21/2020,Bronx,10457,-19.70857125
3/21/2020,Bronx,10458,-19.7095298
3/21/2020,Bronx,10459,-13.5246376
3/21/2020,Bronx,10460,-14.33718453
3/21/2020,Bronx,10461,-13.77827214
3/21/2020,Bronx,10462,-17.61784414
3/21/2020,Bronx,10463,-7.920261136
3/21/2020,Bronx,10466,-16.68956991
3/21/2020,Bronx,10467,-16.7847775
3/21/2020,Bronx,10468,-14.52247312
3/21/2020,Bronx,10469,-10.00368324
3/21/2020,Bronx,10470,-17.30472075
3/21/2020,Bronx,10471,-9.993090522
3/21/2020,Bronx,10472,-16.6539477
3/21/2020,Bronx,10473,-18.92658445
3/21/2020,Bronx,10475,-14.53411178
3/21/2020,Queens,11101,-24.18024823
3/21/2020,Queens,11103,-22.45479329
3/21/2020,Queens,11104,-25.21034904
3/21/2020,Queens,11106,-27.22809191
3/21/2020,Brooklyn,11201,-17.44492997
3/21/2020,Brooklyn,11203,-12.78748071
3/21/2020,Brooklyn,11204,-20.83192452
3/21/2020,Brooklyn,11205,-26.92572038
3/21/2020,Brooklyn,11206,-13.23868881
3/21/2020,Brooklyn,11207,-11.9688184
3/21/2020,Brooklyn,11208,-12.38495754
3/21/2020,Brooklyn,11209,-23.29761171
3/21/2020,Brooklyn,11210,-9.87649132
3/21/2020,Brooklyn,11211,-28.80756794
3/21/2020,Brooklyn,11212,-14.52926305
3/21/2020,Brooklyn,11213,-23.77095839
3/21/2020,Brooklyn,11214,-26.16249505
3/21/2020,Brooklyn,11215,-19.18517871
3/21/2020,Brooklyn,11216,-24.91428677
3/21/2020,Brooklyn,11217,-16.24563575
3/21/2020,Brooklyn,11218,-17.70096308
3/21/2020,Brooklyn,11219,-26.5545689
3/21/2020,Brooklyn,11220,-33.32028699
3/21/2020,Brooklyn,11221,-39.2587237
3/21/2020,Brooklyn,11222,-32.19332674
3/21/2020,Brooklyn,11223,-13.02295715
3/21/2020,Brooklyn,11224,-11.33719824
3/21/2020,Brooklyn,11225,-19.18523904
3/21/2020,Brooklyn,11226,-11.58933046
3/21/2020,Brooklyn,11228,-32.68194694
3/21/2020,Brooklyn,11229,-22.38477906
3/21/2020,Brooklyn,11230,-12.39913373
3/21/2020,Brooklyn,11231,-15.36020854
3/21/2020,Brooklyn,11232,-26.88284253
3/21/2020,Brooklyn,11233,-24.0654101
3/21/2020,Brooklyn,11235,-23.40609339
3/21/2020,Brooklyn,11236,-10.46049339
3/21/2020,Brooklyn,11237,-12.08993849
3/21/2020,Brooklyn,11238,-16.69676893
3/21/2020,Queens,11354,-5.22456147
3/21/2020,Queens,11368,-13.72739531
3/21/2020,Queens,11370,-24.7223484
3/21/2020,Queens,11372,-33.02366553
3/21/2020,Queens,11373,-33.03823004
3/21/2020,Queens,11374,-24.66650862
3/21/2020,Queens,11375,-21.75214276
3/21/2020,Queens,11377,-22.21471847
3/21/2020,Queens,11379,-15.80735553
3/21/2020,Queens,11385,-15.40939174
3/21/2020,Queens,11414,-8.477529488
3/21/2020,Queens,11415,-18.10194183
3/21/2020,Queens,11417,-16.14106837
3/21/2020,Queens,11418,-11.04931646
3/21/2020,Queens,11419,-9.826951423
3/21/2020,Queens,11420,-19.56955161
3/21/2020,Queens,11421,-6.941649868
3/21/2020,Queens,11432,-17.54072329
3/21/2020,Queens,11433,-12.61113539
3/21/2020,Queens,11435,-27.99917865
3/21/2020,Queens,11691,-7.543194938
3/21/2020,Queens,11692,-7.171620094
3/21/2020,Queens,11693,-2.628235113
3/21/2020,Queens,11694,-14.11720554
3/28/2020,Manhattan,10001,-29.00898479
3/28/2020,Manhattan,10002,-33.67308678
3/28/2020,Manhattan,10003,-29.45892358
3/28/2020,Manhattan,10004,-21.03984863
3/28/2020,Manhattan,10005,-18.86121085
3/28/2020,Manhattan,10006,-20.4661305
3/28/2020,Manhattan,10007,-13.18318128
3/28/2020,Manhattan,10009,-17.62958096
3/28/2020,Manhattan,10010,-27.22086629
3/28/2020,Manhattan,10011,-23.70187146
3/28/2020,Manhattan,10012,-33.40908924
3/28/2020,Manhattan,10013,-25.40392117
3/28/2020,Manhattan,10014,-26.34675159
3/28/2020,Manhattan,10016,-22.04732359
3/28/2020,Manhattan,10018,-35.63743714
3/28/2020,Manhattan,10019,-24.47534684
3/28/2020,Manhattan,10021,-19.28965584
3/28/2020,Manhattan,10022,-21.99159394
3/28/2020,Manhattan,10023,-24.94214663
3/28/2020,Manhattan,10024,-39.85643273
3/28/2020,Manhattan,10025,-23.55144974
3/28/2020,Manhattan,10026,-23.6970559
3/28/2020,Manhattan,10027,-16.67889439
3/28/2020,Manhattan,10028,-23.38491065
3/28/2020,Manhattan,10029,-15.29199612
3/28/2020,Manhattan,10030,-20.8958863
3/28/2020,Manhattan,10031,-18.27155599
3/28/2020,Manhattan,10032,-13.65390892
3/28/2020,Manhattan,10033,-14.89902214
3/28/2020,Manhattan,10034,-25.14634977
3/28/2020,Manhattan,10035,-17.40820272
3/28/2020,Manhattan,10036,-25.53938063
3/28/2020,Manhattan,10037,-21.87555726
3/28/2020,Manhattan,10038,-20.01223006
3/28/2020,Manhattan,10039,-20.67089711
3/28/2020,Manhattan,10040,-3.894540899
3/28/2020,Manhattan,10044,-16.26514151
3/28/2020,Manhattan,10065,-15.41808669
3/28/2020,Manhattan,10075,-19.16462876
3/28/2020,Manhattan,10128,-17.95914608
3/28/2020,Bronx,10451,-16.23804391
3/28/2020,Bronx,10452,-21.23066155
3/28/2020,Bronx,10453,-19.43843383
3/28/2020,Bronx,10454,-15.73310859
3/28/2020,Bronx,10455,-17.17704035
3/28/2020,Bronx,10457,-22.08830357
3/28/2020,Bronx,10458,-21.88405245
3/28/2020,Bronx,10459,-15.28759747
3/28/2020,Bronx,10460,-16.2306727
3/28/2020,Bronx,10461,-15.05087658
3/28/2020,Bronx,10462,-19.50664664
3/28/2020,Bronx,10463,-8.630384671
3/28/2020,Bronx,10466,-19.23446745
3/28/2020,Bronx,10467,-19.14281805
3/28/2020,Bronx,10468,-16.09919027
3/28/2020,Bronx,10469,-11.08823361
3/28/2020,Bronx,10470,-20.1591103
3/28/2020,Bronx,10471,-11.03654379
3/28/2020,Bronx,10472,-18.9826176
3/28/2020,Bronx,10473,-21.17012027
3/28/2020,Bronx,10475,-16.25063525
3/28/2020,Queens,11101,-25.30726684
3/28/2020,Queens,11103,-23.61994705
3/28/2020,Queens,11104,-26.88518768
3/28/2020,Queens,11106,-28.62079537
3/28/2020,Brooklyn,11201,-18.14593113
3/28/2020,Brooklyn,11203,-14.00594745
3/28/2020,Brooklyn,11204,-22.56015008
3/28/2020,Brooklyn,11205,-28.10097052
3/28/2020,Brooklyn,11206,-14.00978232
3/28/2020,Brooklyn,11207,-13.1446738
3/28/2020,Brooklyn,11208,-14.04595954
3/28/2020,Brooklyn,11209,-24.82432912
3/28/2020,Brooklyn,11210,-10.85342295
3/28/2020,Brooklyn,11211,-29.59057484
3/28/2020,Brooklyn,11212,-16.19236166
3/28/2020,Brooklyn,11213,-24.73089936
3/28/2020,Brooklyn,11214,-28.55856069
3/28/2020,Brooklyn,11215,-19.93400247
3/28/2020,Brooklyn,11216,-26.19281329
3/28/2020,Brooklyn,11217,-16.94317311
3/28/2020,Brooklyn,11218,-19.21598409
3/28/2020,Brooklyn,11219,-28.43747583
3/28/2020,Brooklyn,11220,-35.5662492
3/28/2020,Brooklyn,11221,-41.53468333
3/28/2020,Brooklyn,11222,-33.41134963
3/28/2020,Brooklyn,11223,-14.18652239
3/28/2020,Brooklyn,11224,-12.51209515
3/28/2020,Brooklyn,11225,-20.28848575
3/28/2020,Brooklyn,11226,-12.53443655
3/28/2020,Brooklyn,11228,-35.07483406
3/28/2020,Brooklyn,11229,-24.2723393
3/28/2020,Brooklyn,11230,-13.50403431
3/28/2020,Brooklyn,11231,-15.82209261
3/28/2020,Brooklyn,11232,-28.57554376
3/28/2020,Brooklyn,11233,-26.12951401
3/28/2020,Brooklyn,11235,-25.75792617
3/28/2020,Brooklyn,11236,-11.83716101
3/28/2020,Brooklyn,11237,-12.68683343
3/28/2020,Brooklyn,11238,-17.24316003
3/28/2020,Queens,11354,-5.725445966
3/28/2020,Queens,11368,-15.31647644
3/28/2020,Queens,11370,-25.86980319
3/28/2020,Queens,11372,-36.5128709
3/28/2020,Queens,11373,-35.89373234
3/28/2020,Queens,11374,-26.27054247
3/28/2020,Queens,11375,-22.89324922
3/28/2020,Queens,11377,-23.76509294
3/28/2020,Queens,11379,-17.7789648
3/28/2020,Queens,11385,-16.34513933
3/28/2020,Queens,11414,-9.227427622
3/28/2020,Queens,11415,-19.7781539
3/28/2020,Queens,11417,-18.01201759
3/28/2020,Queens,11418,-12.84739241
3/28/2020,Queens,11419,-11.37620799
3/28/2020,Queens,11420,-19.75890122
3/28/2020,Queens,11421,-7.790632039
3/28/2020,Queens,11432,-19.5872745
3/28/2020,Queens,11433,-14.51815344
3/28/2020,Queens,11435,-30.59287698
3/28/2020,Queens,11691,-8.692733576
3/28/2020,Queens,11692,-8.157573066
3/28/2020,Queens,11693,-2.822759093
3/28/2020,Queens,11694,-15.26738265
4/11/2020,Manhattan,10001,-29.33179197
4/11/2020,Manhattan,10002,-34.48675117
4/11/2020,Manhattan,10003,-29.80615546
4/11/2020,Manhattan,10004,-21.42538382
4/11/2020,Manhattan,10005,-19.03801747
4/11/2020,Manhattan,10006,-20.62130905
4/11/2020,Manhattan,10007,-13.31064793
4/11/2020,Manhattan,10009,-17.7694122
4/11/2020,Manhattan,10010,-27.56549457
4/11/2020,Manhattan,10011,-23.93972571
4/11/2020,Manhattan,10012,-33.66107101
4/11/2020,Manhattan,10013,-25.64932576
4/11/2020,Manhattan,10014,-26.57749057
4/11/2020,Manhattan,10016,-22.47909274
4/11/2020,Manhattan,10018,-37.16594519
4/11/2020,Manhattan,10019,-24.7356573
4/11/2020,Manhattan,10021,-19.4945384
4/11/2020,Manhattan,10022,-22.67776034
4/11/2020,Manhattan,10023,-25.23115331
4/11/2020,Manhattan,10024,-40.47075041
4/11/2020,Manhattan,10025,-24.07626607
4/11/2020,Manhattan,10026,-23.76552958
4/11/2020,Manhattan,10027,-17.03430713
4/11/2020,Manhattan,10028,-23.9274093
4/11/2020,Manhattan,10029,-16.05576171
4/11/2020,Manhattan,10030,-21.23290284
4/11/2020,Manhattan,10031,-18.83455805
4/11/2020,Manhattan,10032,-14.15455851
4/11/2020,Manhattan,10033,-15.37547511
4/11/2020,Manhattan,10034,-25.98943115
4/11/2020,Manhattan,10035,-18.43254541
4/11/2020,Manhattan,10036,-25.83131335
4/11/2020,Manhattan,10037,-21.58890093
4/11/2020,Manhattan,10038,-20.31112002
4/11/2020,Manhattan,10039,-21.39915672
4/11/2020,Manhattan,10040,-4.016318822
4/11/2020,Manhattan,10044,-16.5045487
4/11/2020,Manhattan,10065,-15.66046208
4/11/2020,Manhattan,10075,-19.57597625
4/11/2020,Manhattan,10128,-18.43658606
4/11/2020,Bronx,10451,-17.15592592
4/11/2020,Bronx,10452,-22.61894221
4/11/2020,Bronx,10453,-20.6275164
4/11/2020,Bronx,10454,-16.71529188
4/11/2020,Bronx,10455,-18.1047256
4/11/2020,Bronx,10457,-23.04292044
4/11/2020,Bronx,10458,-23.07973118
4/11/2020,Bronx,10459,-16.05348319
4/11/2020,Bronx,10460,-17.10449926
4/11/2020,Bronx,10461,-15.96986155
4/11/2020,Bronx,10462,-20.52904438
4/11/2020,Bronx,10463,-9.017992281
4/11/2020,Bronx,10466,-20.34332162
4/11/2020,Bronx,10467,-20.28947455
4/11/2020,Bronx,10468,-16.90120351
4/11/2020,Bronx,10469,-11.70917627
4/11/2020,Bronx,10470,-21.61035249
4/11/2020,Bronx,10471,-11.44459539
4/11/2020,Bronx,10472,-20.31006578
4/11/2020,Bronx,10473,-22.70265049
4/11/2020,Bronx,10475,-17.23607807
4/11/2020,Queens,11101,-25.79056875
4/11/2020,Queens,11103,-24.05018996
4/11/2020,Queens,11104,-27.59956566
4/11/2020,Queens,11106,-29.24721863
4/11/2020,Brooklyn,11201,-18.46735309
4/11/2020,Brooklyn,11203,-14.65994471
4/11/2020,Brooklyn,11204,-23.41430644
4/11/2020,Brooklyn,11205,-28.86334791
4/11/2020,Brooklyn,11206,-14.49905718
4/11/2020,Brooklyn,11207,-13.94310961
4/11/2020,Brooklyn,11208,-14.9571238
4/11/2020,Brooklyn,11209,-25.56633045
4/11/2020,Brooklyn,11210,-11.43219142
4/11/2020,Brooklyn,11211,-30.13425576
4/11/2020,Brooklyn,11212,-17.22461701
4/11/2020,Brooklyn,11213,-25.17174897
4/11/2020,Brooklyn,11214,-29.9642808
4/11/2020,Brooklyn,11215,-20.27247708
4/11/2020,Brooklyn,11216,-26.92960873
4/11/2020,Brooklyn,11217,-17.28444987
4/11/2020,Brooklyn,11218,-20.08478881
4/11/2020,Brooklyn,11219,-30.04962483
4/11/2020,Brooklyn,11220,-36.59100314
4/11/2020,Brooklyn,11221,-42.86256744
4/11/2020,Brooklyn,11222,-33.98252669
4/11/2020,Brooklyn,11223,-14.78684
4/11/2020,Brooklyn,11224,-12.9684203
4/11/2020,Brooklyn,11225,-20.88961518
4/11/2020,Brooklyn,11226,-13.0846
4/11/2020,Brooklyn,11228,-36.4424027
4/11/2020,Brooklyn,11229,-25.19852605
4/11/2020,Brooklyn,11230,-14.19007528
4/11/2020,Brooklyn,11231,-16.01049608
4/11/2020,Brooklyn,11232,-29.1776431
4/11/2020,Brooklyn,11233,-27.46809373
4/11/2020,Brooklyn,11235,-26.72591954
4/11/2020,Brooklyn,11236,-12.93486442
4/11/2020,Brooklyn,11237,-13.03637253
4/11/2020,Brooklyn,11238,-17.51284916
4/11/2020,Queens,11354,-5.922081162
4/11/2020,Queens,11368,-15.771567
4/11/2020,Queens,11370,-26.32151427
4/11/2020,Queens,11372,-37.65944702
4/11/2020,Queens,11373,-36.94165385
4/11/2020,Queens,11374,-26.94282405
4/11/2020,Queens,11375,-23.46542565
4/11/2020,Queens,11377,-24.3648436
4/11/2020,Queens,11379,-18.58753813
4/11/2020,Queens,11385,-16.92112095
4/11/2020,Queens,11414,-9.630300696
4/11/2020,Queens,11415,-20.57432527
4/11/2020,Queens,11417,-18.73821894
4/11/2020,Queens,11418,-13.45140929
4/11/2020,Queens,11419,-12.037274
4/11/2020,Queens,11420,-19.80733949
4/11/2020,Queens,11421,-8.220913024
4/11/2020,Queens,11432,-20.39976224
4/11/2020,Queens,11433,-15.73653029
4/11/2020,Queens,11435,-31.83894229
4/11/2020,Queens,11691,-9.456104681
4/11/2020,Queens,11692,-8.64701567
4/11/2020,Queens,11693,-2.922968417
4/11/2020,Queens,11694,-16.3830199
